lemma,cefr_level,meaning,ipa
abandon,B2,"từ bỏ, bỏ rơi",/əˈbændən/
ability,A2,khả năng,/əˈbɪləti/
absorb,B2,"hấp thụ, thu hút",/əbˈzɔːb/
abstract,B2,trừu tượng,/ˈæbstrækt/
accomplish,B2,"hoàn thành, đạt được",/əˈkʌmplɪʃ/
accurate,B2,chính xác,/ˈækjərət/
acknowledge,C1,"thừa nhận, công nhận",/əkˈnɒlɪdʒ/
adequate,B2,"đủ, thỏa đáng",/ˈædɪkwət/
advocate,C1,"ủng hộ; người ủng hộ",/ˈædvəkeɪt/
ambiguous,C1,"mơ hồ, không rõ ràng",/æmˈbɪɡjuəs/
anticipate,B2,"dự đoán, lường trước",/ænˈtɪsɪpeɪt/
apparent,B2,"rõ ràng, hiển nhiên",/əˈpærənt/
arbitrary,C1,tùy tiện,/ˈɑːbɪtrəri/
book,A1,"quyển sách; đặt trước",/bʊk/
cat,A1,con mèo,/kæt/
coherent,C1,"mạch lạc, chặt chẽ",/kəʊˈhɪərənt/
comprehensive,B2,"toàn diện, bao quát",/ˌkɒmprɪˈhensɪv/
conceive,C1,"hình dung; thụ thai",/kənˈsiːv/
consequence,B1,hậu quả,/ˈkɒnsɪkwəns/
contemplate,C1,"suy ngẫm, dự tính",/ˈkɒntəmpleɪt/
deteriorate,C1,"xấu đi, suy giảm",/dɪˈtɪəriəreɪt/
diminish,C1,"giảm bớt, thu nhỏ",/dɪˈmɪnɪʃ/
elaborate,C1,"tỉ mỉ; trình bày chi tiết",/ɪˈlæbərət/
eloquent,C2,"hùng hồn, có tài hùng biện",/ˈeləkwənt/
ephemeral,C2,"phù du, chóng tàn",/ɪˈfemərəl/
evident,B2,"hiển nhiên, rõ ràng",/ˈevɪdənt/
go,A1,đi,/ɡəʊ/
happy,A1,vui vẻ,/ˈhæpi/
inevitable,B2,không thể tránh khỏi,/ɪnˈevɪtəbl/
meticulous,C2,"tỉ mỉ, kỹ lưỡng",/məˈtɪkjələs/
mitigate,C2,giảm nhẹ,/ˈmɪtɪɡeɪt/
negotiate,B2,đàm phán,/nɪˈɡəʊʃieɪt/
notion,B2,"khái niệm, ý niệm",/ˈnəʊʃn/
obscure,C1,"tối nghĩa, ít người biết",/əbˈskjʊə(r)/
paradigm,C2,mô hình mẫu,/ˈpærədaɪm/
perceive,B2,"nhận thấy, cảm nhận",/pəˈsiːv/
profound,C1,"sâu sắc, sâu xa",/prəˈfaʊnd/
reluctant,B2,miễn cưỡng,/rɪˈlʌktənt/
scrutiny,C2,sự xem xét kỹ lưỡng,/ˈskruːtəni/
subtle,C1,"tinh tế, khó nhận ra",/ˈsʌtl/
ubiquitous,C2,có mặt khắp nơi,/juːˈbɪkwɪtəs/
vulnerable,B2,dễ bị tổn thương,/ˈvʌlnərəbl/
write,A1,viết,/raɪt/
Abandon,C1,bỏ dở (công việc),
